wavelength_nm,target_reflectance,mlp_tmm_reflectance,final_tmm_reflectance
400.0,0.06275252992316692,0.06537073288773348,0.06275253338669357
410.0,0.043325969532052415,0.05030971368810095,0.04332596960078408
420.0,0.016792662703420145,0.04345095869094176,0.01679266826618436
430.0,0.03444807012636983,0.07935336023356275,0.03444808808975033
440.0,0.12570975914063529,0.16852745497655958,0.12570978208784306
450.0,0.2618571290397741,0.28612575952658553,0.2618571432976025
460.0,0.3940162517611974,0.3991650714844314,0.39401625217343506
470.0,0.4973021153830069,0.49008749154254144,0.49730210429851024
480.0,0.5693965805432071,0.5559710846953466,0.5693965618352654
490.0,0.6159541531733901,0.6000718665106679,0.6159541297569525
500.0,0.6429896791115811,0.6266022858848428,0.642989652781532
510.0,0.6548634924554919,0.638903796872591,0.6548634642886407
520.0,0.6542560861850057,0.6391420435222679,0.6542560569230951
530.0,0.6425650179217038,0.628466459949415,0.6425649882580883
540.0,0.6202974275316937,0.607259340117576,0.6202973983339098
550.0,0.5874141411280663,0.5753965644251428,0.5874141136217087
560.0,0.543683752225286,0.5325491157719906,0.5436837281263249
570.0,0.4891195902197991,0.47858655140154954,0.48911957174797555
580.0,0.4245376766703724,0.4141272613959081,0.4245376663195778
590.0,0.35217090365262704,0.34119331065328523,0.35217090358695835
600.0,0.27609631303887505,0.26374710218162467,0.27609632412262525
610.0,0.2020731339024065,0.18768207958055344,0.202073154707957
620.0,0.13648683151892754,0.11985523698769696,0.13648685798505614
630.0,0.08461621716422522,0.06624718919196163,0.08461624343402013
640.0,0.04907285848175491,0.030104467782093417,0.049072878675168914
650.0,0.029304925907482425,0.011157299685068183,0.02930493584922928
660.0,0.022326150946024737,0.006278303368479937,0.022326148975391542
670.0,0.024051021044431933,0.010964574997211075,0.02405100779515807
680.0,0.030483624684266988,0.02073689556282938,0.030483602309287768
690.0,0.03839576426599095,0.03196287339177846,0.03839573562432673
700.0,0.04552974168535646,0.042111435016671785,0.0455297097544904
710.0,0.0505224955663304,0.04966811509327129,0.05052246311143527
720.0,0.052727293536738516,0.053926296448480855,0.05272726296349528
730.0,0.05203319069580928,0.05477757517519094,0.052033164000981846
740.0,0.04871999519185552,0.05254695322491508,0.04871997394938892
750.0,0.04335181235480975,0.04787568848535528,0.04335179770328865
760.0,0.036698064483299146,0.041637282994073474,0.03669805710277517
770.0,0.02966787504583212,0.03486839195761551,0.02966787512746839
780.0,0.023246023414144217,0.02869917974591732,0.02324603063602568
790.0,0.018423545550587894,0.024273685343475338,0.018423559077759204
800.0,0.016122129439462406,0.02265872629189853,0.016122147965205808
