candidate_index,method,spectral_mae,spectral_mse,target_R520,reconstructed_R520,d1_true_nm,d1_predicted_nm,d2_true_nm,d2_predicted_nm,d3_true_nm,d3_predicted_nm,d4_true_nm,d4_predicted_nm
8667,supervised,0.012893958328986967,0.0002789631530652181,0.6542560861850057,0.6466620655058241,168.03087295416063,166.49899291992188,89.46564528806579,102.34054565429688,168.17302151724653,159.80897521972656,68.97580320038315,110.42707061767578
8667,physics,0.012397793697344062,0.0002411539724851115,0.6542560861850057,0.6391420432623379,168.03087295416063,162.35726928710938,89.46564528806579,97.65377807617188,168.17302151724653,165.58441162109375,68.97580320038315,135.9827880859375
8667,refined,1.7714471882931756e-08,4.134131184995048e-16,0.6542560861850057,0.6542560569260175,168.03087295416063,168.03087124538558,89.46564528806579,89.46564682562695,168.17302151724653,168.17302725737588,68.97580320038315,68.97569826948694
5008,supervised,0.017676771364112318,0.0005590194322957361,0.6534199888894658,0.6458532154890091,165.9236282089871,166.81881713867188,97.43954048898078,104.51841735839844,163.26875892208895,159.16134643554688,88.02442587105315,102.64938354492188
5008,physics,0.01254898512923143,0.00023079905163368245,0.6534199888894658,0.6358464455431461,165.9236282089871,162.10433959960938,97.43954048898078,100.49966430664062,163.26875892208895,163.4976806640625,88.02442587105315,139.0394744873047
5008,refined,5.372150990401854e-09,4.017595689902487e-17,0.6534199888894658,0.6534199858446431,165.9236282089871,165.92362633827673,97.43954048898078,97.43954671308119,163.26875892208895,163.26875327470157,88.02442587105315,88.02448441438375
3125,supervised,0.0060315752538732965,4.5577738167897576e-05,0.6532438114667756,0.6548012313099081,173.30402659165037,171.16062927246094,85.9306187006639,95.2781982421875,59.408525812615665,52.838134765625,66.50868006612167,103.50230407714844
3125,physics,0.07279254397320674,0.007046368282212242,0.6532438114667756,0.599283728830372,173.30402659165037,71.71755981445312,85.9306187006639,53.63534927368164,59.408525812615665,179.95452880859375,66.50868006612167,116.74291229248047
3125,refined,0.0009123898694927132,1.1212278150382024e-06,0.6532438114667756,0.6540607443181145,173.30402659165037,172.0097613515359,85.9306187006639,93.63836615059105,59.408525812615665,51.47462255449307,66.50868006612167,105.76513435258387
3874,supervised,0.0162179657411346,0.0005110691663018781,0.6473087513095527,0.6474101775375226,162.7727150810211,160.39553833007812,86.33184870305877,96.74288940429688,171.105007085487,168.79586791992188,77.47150934105659,105.55054473876953
3874,physics,0.010417220696425715,0.00016200780481543807,0.6473087513095527,0.626060966550296,162.7727150810211,158.44692993164062,86.33184870305877,99.68476867675781,171.105007085487,163.21414184570312,77.47150934105659,140.82537841796875
3874,refined,1.6957922421575087e-05,4.095300757809663e-10,0.6473087513095527,0.6473317890649131,162.7727150810211,162.75798473723523,86.33184870305877,86.37268620901486,171.105007085487,171.08570448438672,77.47150934105659,77.59715637885076
9518,supervised,0.016435315817119364,0.0003735321214532819,0.6463631084804058,0.6392379897190525,172.24656324712367,173.425537109375,100.32859255919558,102.79364013671875,56.607259159576586,54.400455474853516,86.76291236123826,101.88170623779297
9518,physics,0.07294415276903343,0.007485986764645767,0.6463631084804058,0.5961423169900925,172.24656324712367,73.25655364990234,100.32859255919558,58.76609802246094,56.607259159576586,179.9778594970703,86.76291236123826,131.1248779296875
9518,refined,0.00012022084711004495,2.1996108243684896e-08,0.6463631084804058,0.6463550290999199,172.24656324712367,172.26464000905162,100.32859255919558,100.591819676975,56.607259159576586,56.03848081487794,86.76291236123826,90.67257253233842
