wavelength_nm,reflectance
400.0,0.1428667760083683
410.0,0.055979762278146425
420.0,0.032579259656830326
430.0,0.09297450130015202
440.0,0.20623853113791504
450.0,0.3270151595960163
460.0,0.4296926715093231
470.0,0.5081514252208561
480.0,0.5648950580254286
490.0,0.604346697174014
500.0,0.6304290730303632
510.0,0.6460592154823603
520.0,0.6532438114667756
530.0,0.6532906243663142
540.0,0.646997900099017
550.0,0.6347988508236864
560.0,0.6168701423168198
570.0,0.593219399660686
580.0,0.5637661575886647
590.0,0.5284287341436376
600.0,0.4872267575229832
610.0,0.4404042486961316
620.0,0.3885692706544322
630.0,0.332831723350181
640.0,0.27490215001518936
650.0,0.21709835508346909
660.0,0.1622068456290808
670.0,0.11317725813730224
680.0,0.07269134452426543
690.0,0.04271810569548219
700.0,0.024197575886966142
710.0,0.016956356984367257
720.0,0.01986491356986312
730.0,0.031156193640824576
740.0,0.04878682437456136
750.0,0.07074267744606856
760.0,0.09524093488856353
770.0,0.12082739116694047
780.0,0.14639393332336564
790.0,0.17114757746646908
800.0,0.19455735756126227
