mlp_rank,candidate_index,d1_nm,d2_nm,d3_nm,d4_nm,mlp_r_target,tmm_r_target,absolute_error
1,5749,176.79110266839947,95.68836153122045,51.88896018514869,71.68039057349986,0.6652829051017761,0.6428601216077754,0.02242278349400073
2,8667,168.03087295416063,89.46564528806579,168.17302151724653,68.97580320038315,0.6629270315170288,0.6542560861850057,0.008670945332023061
3,9518,172.24656324712367,100.32859255919558,56.607259159576586,86.76291236123826,0.6607831120491028,0.6463631084804058,0.014420003568696993
4,2087,178.57318350947847,86.91866159573698,52.25623571594099,70.57171182760732,0.6603407263755798,0.6441771606461992,0.016163565729380602
5,5008,165.9236282089871,97.43954048898078,163.26875892208895,88.02442587105315,0.6602246761322021,0.6534199888894658,0.006804687242736307
6,3874,162.7727150810211,86.33184870305877,171.105007085487,77.47150934105659,0.6600475311279297,0.6473087513095527,0.01273877981837701
7,3222,169.7875428551497,106.23061700387518,48.30258981891696,58.90425534689264,0.6579316258430481,0.63697334524308,0.02095828059996807
8,3383,178.09429731741906,88.31497420154389,60.519458037910596,92.33377062955793,0.656889796257019,0.6428503769965371,0.014039419260481911
9,761,174.78862127540256,97.56043247969453,46.47426595885639,53.909224812614035,0.6561927199363708,0.6330253810953326,0.023167338841038276
10,3125,173.30402659165037,85.9306187006639,59.408525812615665,66.50868006612167,0.6543900966644287,0.6532438114667756,0.0011462851976531407
